timeStamp,elapsed,label,responseCode,responseMessage,threadName,dataType,success,failureMessage,bytes,sentBytes,grpThreads,allThreads,URL,Latency,IdleTime,Connect
1709303144306,1214,POST Login,200,OK,Worload Config 1-1,text,true,,1262,456,4,4,https://thinking-tester-contact-list.herokuapp.com/users/login,1214,0,794
1709303144639,1100,POST Login,200,OK,Worload Config 1-2,text,true,,1262,456,5,5,https://thinking-tester-contact-list.herokuapp.com/users/login,1100,0,761
1709303145521,336,PATCH User,200,OK,Worload Config 1-1,text,true,,861,507,5,5,https://thinking-tester-contact-list.herokuapp.com/users/me,336,0,0
1709303145742,370,PATCH User,200,OK,Worload Config 1-2,text,true,,861,507,6,6,https://thinking-tester-contact-list.herokuapp.com/users/me,370,0,0
1709303144973,1152,POST Login,200,OK,Worload Config 1-3,text,true,,1262,456,6,6,https://thinking-tester-contact-list.herokuapp.com/users/login,1152,0,789
1709303145857,274,GET Contact List,200,OK,Worload Config 1-1,text,true,,1059,360,6,6,https://thinking-tester-contact-list.herokuapp.com/contacts,274,0,0
1709303146113,264,GET Contact List,200,OK,Worload Config 1-2,text,true,,1059,360,6,6,https://thinking-tester-contact-list.herokuapp.com/contacts,263,0,0
1709303145306,1113,POST Login,200,OK,Worload Config 1-4,text,true,,1262,456,5,5,https://thinking-tester-contact-list.herokuapp.com/users/login,1113,0,770
1709303146125,352,PATCH User,200,OK,Worload Config 1-3,text,true,,861,507,5,5,https://thinking-tester-contact-list.herokuapp.com/users/me,352,0,0
1709303146419,358,PATCH User,200,OK,Worload Config 1-4,text,true,,861,507,6,6,https://thinking-tester-contact-list.herokuapp.com/users/me,358,0,0
1709303145648,1196,POST Login,200,OK,Worload Config 1-5,text,true,,1262,456,6,6,https://thinking-tester-contact-list.herokuapp.com/users/login,1196,0,786
1709303146477,373,GET Contact List,200,OK,Worload Config 1-3,text,true,,1059,360,6,6,https://thinking-tester-contact-list.herokuapp.com/contacts,373,0,0
1709303145971,1164,POST Login,200,OK,Worload Config 1-6,text,true,,1262,456,6,6,https://thinking-tester-contact-list.herokuapp.com/users/login,1164,0,784
1709303146778,357,GET Contact List,200,OK,Worload Config 1-4,text,true,,1059,360,6,6,https://thinking-tester-contact-list.herokuapp.com/contacts,357,0,0
1709303146845,351,PATCH User,200,OK,Worload Config 1-5,text,true,,861,507,5,5,https://thinking-tester-contact-list.herokuapp.com/users/me,351,0,0
1709303146304,1170,POST Login,200,OK,Worload Config 1-7,text,true,,1266,456,6,6,https://thinking-tester-contact-list.herokuapp.com/users/login,1170,0,778
1709303147135,339,PATCH User,200,OK,Worload Config 1-6,text,true,,865,507,6,6,https://thinking-tester-contact-list.herokuapp.com/users/me,339,0,0
1709303147197,323,GET Contact List,200,OK,Worload Config 1-5,text,true,,1063,360,6,6,https://thinking-tester-contact-list.herokuapp.com/contacts,323,0,0
1709303147475,339,GET Contact List,200,OK,Worload Config 1-6,text,true,,1063,360,6,6,https://thinking-tester-contact-list.herokuapp.com/contacts,339,0,0
1709303146636,1191,POST Login,200,OK,Worload Config 1-8,text,true,,1266,456,5,5,https://thinking-tester-contact-list.herokuapp.com/users/login,1191,0,773
1709303147475,393,PATCH User,200,OK,Worload Config 1-7,text,true,,865,507,5,5,https://thinking-tester-contact-list.herokuapp.com/users/me,393,0,0
1709303146971,1131,POST Login,200,OK,Worload Config 1-9,text,true,,1266,456,6,6,https://thinking-tester-contact-list.herokuapp.com/users/login,1130,0,768
1709303147868,277,GET Contact List,200,OK,Worload Config 1-7,text,true,,1063,360,6,6,https://thinking-tester-contact-list.herokuapp.com/contacts,277,0,0
1709303147827,332,PATCH User,200,OK,Worload Config 1-8,text,true,,865,507,5,5,https://thinking-tester-contact-list.herokuapp.com/users/me,332,0,0
1709303148159,276,GET Contact List,200,OK,Worload Config 1-8,text,true,,1067,360,6,6,https://thinking-tester-contact-list.herokuapp.com/contacts,276,0,0
1709303148102,345,PATCH User,200,OK,Worload Config 1-9,text,true,,869,507,5,5,https://thinking-tester-contact-list.herokuapp.com/users/me,345,0,0
1709303147303,1157,POST Login,200,OK,Worload Config 1-10,text,true,,1270,456,5,5,https://thinking-tester-contact-list.herokuapp.com/users/login,1157,0,792
1709303147634,1071,POST Login,200,OK,Worload Config 1-11,text,true,,1270,456,6,6,https://thinking-tester-contact-list.herokuapp.com/users/login,1071,0,756
1709303148448,279,GET Contact List,200,OK,Worload Config 1-9,text,true,,1067,360,6,6,https://thinking-tester-contact-list.herokuapp.com/contacts,279,0,0
1709303148461,355,PATCH User,200,OK,Worload Config 1-10,text,true,,869,507,5,5,https://thinking-tester-contact-list.herokuapp.com/users/me,355,0,0
1709303148705,347,PATCH User,200,OK,Worload Config 1-11,text,true,,869,507,6,6,https://thinking-tester-contact-list.herokuapp.com/users/me,347,0,0
1709303148817,284,GET Contact List,200,OK,Worload Config 1-10,text,true,,1067,360,6,6,https://thinking-tester-contact-list.herokuapp.com/contacts,284,0,0
1709303147968,1133,POST Login,200,OK,Worload Config 1-12,text,true,,1270,456,6,6,https://thinking-tester-contact-list.herokuapp.com/users/login,1133,0,785
1709303149052,276,GET Contact List,200,OK,Worload Config 1-11,text,true,,1063,360,6,6,https://thinking-tester-contact-list.herokuapp.com/contacts,276,0,0
1709303148301,1102,POST Login,200,OK,Worload Config 1-13,text,true,,1266,456,5,5,https://thinking-tester-contact-list.herokuapp.com/users/login,1102,0,770
1709303149101,385,PATCH User,200,OK,Worload Config 1-12,text,true,,865,507,5,5,https://thinking-tester-contact-list.herokuapp.com/users/me,385,0,0
1709303149404,333,PATCH User,200,OK,Worload Config 1-13,text,true,,865,507,6,6,https://thinking-tester-contact-list.herokuapp.com/users/me,333,0,0
1709303149487,298,GET Contact List,200,OK,Worload Config 1-12,text,true,,1063,360,6,6,https://thinking-tester-contact-list.herokuapp.com/contacts,298,0,0
1709303148634,1155,POST Login,200,OK,Worload Config 1-14,text,true,,1266,456,5,5,https://thinking-tester-contact-list.herokuapp.com/users/login,1155,0,795
1709303149738,279,GET Contact List,200,OK,Worload Config 1-13,text,true,,1063,360,6,6,https://thinking-tester-contact-list.herokuapp.com/contacts,279,0,0
1709303148968,1145,POST Login,200,OK,Worload Config 1-15,text,true,,1266,456,5,5,https://thinking-tester-contact-list.herokuapp.com/users/login,1145,0,787
1709303149789,351,PATCH User,200,OK,Worload Config 1-14,text,true,,865,507,5,5,https://thinking-tester-contact-list.herokuapp.com/users/me,351,0,0
1709303150140,312,GET Contact List,200,OK,Worload Config 1-14,text,true,,1063,360,6,6,https://thinking-tester-contact-list.herokuapp.com/contacts,312,0,0
1709303150113,341,PATCH User,200,OK,Worload Config 1-15,text,true,,865,507,6,6,https://thinking-tester-contact-list.herokuapp.com/users/me,341,0,0
1709303149306,1156,POST Login,200,OK,Worload Config 1-16,text,true,,1266,456,5,5,https://thinking-tester-contact-list.herokuapp.com/users/login,1156,0,781
1709303149632,1122,POST Login,200,OK,Worload Config 1-17,text,true,,1266,456,6,6,https://thinking-tester-contact-list.herokuapp.com/users/login,1122,0,758
1709303150455,327,GET Contact List,200,OK,Worload Config 1-15,text,true,,1063,360,6,6,https://thinking-tester-contact-list.herokuapp.com/contacts,327,0,0
1709303150462,351,PATCH User,200,OK,Worload Config 1-16,text,true,,865,507,5,5,https://thinking-tester-contact-list.herokuapp.com/users/me,351,0,0
1709303149965,1140,POST Login,200,OK,Worload Config 1-18,text,true,,1266,456,6,6,https://thinking-tester-contact-list.herokuapp.com/users/login,1140,0,756
1709303150755,364,PATCH User,200,OK,Worload Config 1-17,text,true,,865,507,6,6,https://thinking-tester-contact-list.herokuapp.com/users/me,364,0,0
1709303150814,306,GET Contact List,200,OK,Worload Config 1-16,text,true,,1063,360,6,6,https://thinking-tester-contact-list.herokuapp.com/contacts,306,0,0
1709303150300,1068,POST Login,200,OK,Worload Config 1-19,text,true,,1274,456,6,6,https://thinking-tester-contact-list.herokuapp.com/users/login,1068,0,754
1709303151120,276,GET Contact List,200,OK,Worload Config 1-17,text,true,,1071,360,6,6,https://thinking-tester-contact-list.herokuapp.com/contacts,276,0,0
1709303151105,316,PATCH User,200,OK,Worload Config 1-18,text,true,,873,507,5,5,https://thinking-tester-contact-list.herokuapp.com/users/me,316,0,0
1709303151422,263,GET Contact List,200,OK,Worload Config 1-18,text,true,,1071,360,6,6,https://thinking-tester-contact-list.herokuapp.com/contacts,263,0,0
1709303151368,335,PATCH User,200,OK,Worload Config 1-19,text,true,,873,507,5,5,https://thinking-tester-contact-list.herokuapp.com/users/me,335,0,0
1709303150631,1124,POST Login,200,OK,Worload Config 1-20,text,true,,1274,456,5,5,https://thinking-tester-contact-list.herokuapp.com/users/login,1124,0,751
1709303151703,288,GET Contact List,200,OK,Worload Config 1-19,text,true,,1071,360,6,6,https://thinking-tester-contact-list.herokuapp.com/contacts,288,0,0
1709303151755,298,PATCH User,200,OK,Worload Config 1-20,text,true,,873,507,5,5,https://thinking-tester-contact-list.herokuapp.com/users/me,298,0,0
1709303150966,1124,POST Login,200,OK,Worload Config 1-21,text,true,,1274,456,5,5,https://thinking-tester-contact-list.herokuapp.com/users/login,1124,0,792
1709303152054,270,GET Contact List,200,OK,Worload Config 1-20,text,true,,1063,360,6,6,https://thinking-tester-contact-list.herokuapp.com/contacts,270,0,0
1709303151299,1099,POST Login,200,OK,Worload Config 1-22,text,true,,1266,456,5,5,https://thinking-tester-contact-list.herokuapp.com/users/login,1099,0,771
1709303152091,314,PATCH User,200,OK,Worload Config 1-21,text,true,,865,507,5,5,https://thinking-tester-contact-list.herokuapp.com/users/me,314,0,0
1709303152406,295,GET Contact List,200,OK,Worload Config 1-21,text,true,,1063,360,6,6,https://thinking-tester-contact-list.herokuapp.com/contacts,295,0,0
1709303151632,1091,POST Login,200,OK,Worload Config 1-23,text,true,,1266,456,5,5,https://thinking-tester-contact-list.herokuapp.com/users/login,1091,0,766
1709303152399,328,PATCH User,200,OK,Worload Config 1-22,text,true,,865,507,5,5,https://thinking-tester-contact-list.herokuapp.com/users/me,328,0,0
1709303152723,340,PATCH User,200,OK,Worload Config 1-23,text,true,,865,507,6,6,https://thinking-tester-contact-list.herokuapp.com/users/me,340,0,0
1709303152728,363,GET Contact List,200,OK,Worload Config 1-22,text,true,,1063,360,6,6,https://thinking-tester-contact-list.herokuapp.com/contacts,363,0,0
1709303151966,1132,POST Login,200,OK,Worload Config 1-24,text,true,,1266,456,5,5,https://thinking-tester-contact-list.herokuapp.com/users/login,1132,0,774
1709303153063,271,GET Contact List,200,OK,Worload Config 1-23,text,true,,1059,360,6,6,https://thinking-tester-contact-list.herokuapp.com/contacts,271,0,0
1709303152297,1137,POST Login,200,OK,Worload Config 1-25,text,true,,1262,456,5,5,https://thinking-tester-contact-list.herokuapp.com/users/login,1137,0,794
1709303153098,394,PATCH User,200,OK,Worload Config 1-24,text,true,,861,507,5,5,https://thinking-tester-contact-list.herokuapp.com/users/me,394,0,0
1709303152629,1119,POST Login,200,OK,Worload Config 1-26,text,true,,1262,456,6,6,https://thinking-tester-contact-list.herokuapp.com/users/login,1119,0,780
1709303153435,314,PATCH User,200,OK,Worload Config 1-25,text,true,,861,507,6,6,https://thinking-tester-contact-list.herokuapp.com/users/me,314,0,0
1709303153493,279,GET Contact List,200,OK,Worload Config 1-24,text,true,,1059,360,6,6,https://thinking-tester-contact-list.herokuapp.com/contacts,279,0,0
1709303153749,273,GET Contact List,200,OK,Worload Config 1-25,text,true,,1059,360,6,6,https://thinking-tester-contact-list.herokuapp.com/contacts,273,0,0
1709303152962,1136,POST Login,200,OK,Worload Config 1-27,text,true,,1262,456,5,5,https://thinking-tester-contact-list.herokuapp.com/users/login,1136,0,785
1709303153748,363,PATCH User,200,OK,Worload Config 1-26,text,true,,861,507,5,5,https://thinking-tester-contact-list.herokuapp.com/users/me,363,0,0
1709303153295,1111,POST Login,200,OK,Worload Config 1-28,text,true,,1266,456,6,6,https://thinking-tester-contact-list.herokuapp.com/users/login,1111,0,778
1709303154140,278,GET Contact List,200,OK,Worload Config 1-26,text,true,,1063,360,6,6,https://thinking-tester-contact-list.herokuapp.com/contacts,278,0,0
1709303154099,335,PATCH User,200,OK,Worload Config 1-27,text,true,,865,507,5,5,https://thinking-tester-contact-list.herokuapp.com/users/me,335,0,0
1709303154406,332,PATCH User,200,OK,Worload Config 1-28,text,true,,865,507,6,6,https://thinking-tester-contact-list.herokuapp.com/users/me,332,0,0
1709303154435,333,GET Contact List,200,OK,Worload Config 1-27,text,true,,1063,360,6,6,https://thinking-tester-contact-list.herokuapp.com/contacts,333,0,0
1709303153629,1163,POST Login,200,OK,Worload Config 1-29,text,true,,1266,456,5,5,https://thinking-tester-contact-list.herokuapp.com/users/login,1163,0,789
1709303154738,281,GET Contact List,200,OK,Worload Config 1-28,text,true,,1063,360,6,6,https://thinking-tester-contact-list.herokuapp.com/contacts,281,0,0
1709303153962,1162,POST Login,200,OK,Worload Config 1-30,text,true,,1266,456,5,5,https://thinking-tester-contact-list.herokuapp.com/users/login,1162,0,758
1709303154793,363,PATCH User,200,OK,Worload Config 1-29,text,true,,865,507,5,5,https://thinking-tester-contact-list.herokuapp.com/users/me,363,0,0
1709303155156,275,GET Contact List,200,OK,Worload Config 1-29,text,true,,1059,360,6,6,https://thinking-tester-contact-list.herokuapp.com/contacts,275,0,0
1709303154299,1143,POST Login,200,OK,Worload Config 1-31,text,true,,1262,456,5,5,https://thinking-tester-contact-list.herokuapp.com/users/login,1143,0,786
1709303155133,330,PATCH User,200,OK,Worload Config 1-30,text,true,,861,507,5,5,https://thinking-tester-contact-list.herokuapp.com/users/me,330,0,0
1709303155464,335,GET Contact List,200,OK,Worload Config 1-30,text,true,,1059,360,6,6,https://thinking-tester-contact-list.herokuapp.com/contacts,335,0,0
1709303154629,1225,POST Login,200,OK,Worload Config 1-32,text,true,,1262,456,5,5,https://thinking-tester-contact-list.herokuapp.com/users/login,1225,0,786
1709303155442,428,PATCH User,200,OK,Worload Config 1-31,text,true,,861,507,5,5,https://thinking-tester-contact-list.herokuapp.com/users/me,428,0,0
1709303154960,1125,POST Login,200,OK,Worload Config 1-33,text,true,,1262,456,6,6,https://thinking-tester-contact-list.herokuapp.com/users/login,1125,0,771
1709303155854,325,PATCH User,200,OK,Worload Config 1-32,text,true,,861,507,6,6,https://thinking-tester-contact-list.herokuapp.com/users/me,325,0,0
1709303155870,309,GET Contact List,200,OK,Worload Config 1-31,text,true,,1059,360,6,6,https://thinking-tester-contact-list.herokuapp.com/contacts,309,0,0
1709303156085,313,PATCH User,200,OK,Worload Config 1-33,text,true,,865,507,6,6,https://thinking-tester-contact-list.herokuapp.com/users/me,313,0,0
1709303155294,1180,POST Login,200,OK,Worload Config 1-34,text,true,,1266,456,6,6,https://thinking-tester-contact-list.herokuapp.com/users/login,1180,0,827
1709303156179,303,GET Contact List,200,OK,Worload Config 1-32,text,true,,1063,360,6,6,https://thinking-tester-contact-list.herokuapp.com/contacts,303,0,0
1709303156399,269,GET Contact List,200,OK,Worload Config 1-33,text,true,,1063,360,6,6,https://thinking-tester-contact-list.herokuapp.com/contacts,269,0,0
1709303155633,1110,POST Login,200,OK,Worload Config 1-35,text,true,,1266,456,5,5,https://thinking-tester-contact-list.herokuapp.com/users/login,1110,0,769
1709303156474,320,PATCH User,200,OK,Worload Config 1-34,text,true,,865,507,5,5,https://thinking-tester-contact-list.herokuapp.com/users/me,320,0,0
1709303155961,1094,POST Login,200,OK,Worload Config 1-36,text,true,,1266,456,6,6,https://thinking-tester-contact-list.herokuapp.com/users/login,1094,0,758
1709303156743,360,PATCH User,200,OK,Worload Config 1-35,text,true,,865,507,6,6,https://thinking-tester-contact-list.herokuapp.com/users/me,360,0,0
1709303156794,329,GET Contact List,200,OK,Worload Config 1-34,text,true,,1063,360,6,6,https://thinking-tester-contact-list.herokuapp.com/contacts,329,0,0
1709303157103,274,GET Contact List,200,OK,Worload Config 1-35,text,true,,1071,360,6,6,https://thinking-tester-contact-list.herokuapp.com/contacts,274,0,0
1709303157055,333,PATCH User,200,OK,Worload Config 1-36,text,true,,873,507,5,5,https://thinking-tester-contact-list.herokuapp.com/users/me,333,0,0
1709303156293,1141,POST Login,200,OK,Worload Config 1-37,text,true,,1274,456,5,5,https://thinking-tester-contact-list.herokuapp.com/users/login,1141,0,786
1709303157389,261,GET Contact List,200,OK,Worload Config 1-36,text,true,,1071,360,6,6,https://thinking-tester-contact-list.herokuapp.com/contacts,261,0,0
1709303156627,1113,POST Login,200,OK,Worload Config 1-38,text,true,,1274,456,5,5,https://thinking-tester-contact-list.herokuapp.com/users/login,1113,0,780
1709303157434,345,PATCH User,200,OK,Worload Config 1-37,text,true,,873,507,5,5,https://thinking-tester-contact-list.herokuapp.com/users/me,345,0,0
1709303157779,290,GET Contact List,200,OK,Worload Config 1-37,text,true,,1071,360,6,6,https://thinking-tester-contact-list.herokuapp.com/contacts,290,0,0
1709303156957,1122,POST Login,200,OK,Worload Config 1-39,text,true,,1274,456,5,5,https://thinking-tester-contact-list.herokuapp.com/users/login,1122,0,774
1709303157741,371,PATCH User,200,OK,Worload Config 1-38,text,true,,873,507,5,5,https://thinking-tester-contact-list.herokuapp.com/users/me,371,0,0
1709303158114,295,GET Contact List,200,OK,Worload Config 1-38,text,true,,1059,360,6,6,https://thinking-tester-contact-list.herokuapp.com/contacts,295,0,0
1709303158080,422,PATCH User,200,OK,Worload Config 1-39,text,true,,861,507,5,5,https://thinking-tester-contact-list.herokuapp.com/users/me,422,0,0
1709303157291,1226,POST Login,200,OK,Worload Config 1-40,text,true,,1262,456,5,5,https://thinking-tester-contact-list.herokuapp.com/users/login,1226,0,785
1709303157630,1157,POST Login,200,OK,Worload Config 1-41,text,true,,1262,456,6,6,https://thinking-tester-contact-list.herokuapp.com/users/login,1157,0,759
1709303158503,319,GET Contact List,200,OK,Worload Config 1-39,text,true,,1059,360,6,6,https://thinking-tester-contact-list.herokuapp.com/contacts,319,0,0
1709303158519,355,PATCH User,200,OK,Worload Config 1-40,text,true,,861,507,5,5,https://thinking-tester-contact-list.herokuapp.com/users/me,355,0,0
1709303158789,371,PATCH User,200,OK,Worload Config 1-41,text,true,,861,507,6,6,https://thinking-tester-contact-list.herokuapp.com/users/me,371,0,0
1709303158875,296,GET Contact List,200,OK,Worload Config 1-40,text,true,,1059,360,6,6,https://thinking-tester-contact-list.herokuapp.com/contacts,296,0,0
1709303157959,1216,POST Login,200,OK,Worload Config 1-42,text,true,,1262,456,5,5,https://thinking-tester-contact-list.herokuapp.com/users/login,1216,0,804
1709303159160,298,GET Contact List,200,OK,Worload Config 1-41,text,true,,1071,360,6,6,https://thinking-tester-contact-list.herokuapp.com/contacts,298,0,0
1709303158292,1210,POST Login,200,OK,Worload Config 1-43,text,true,,1274,456,5,5,https://thinking-tester-contact-list.herokuapp.com/users/login,1210,0,787
1709303159175,345,PATCH User,200,OK,Worload Config 1-42,text,true,,873,507,5,5,https://thinking-tester-contact-list.herokuapp.com/users/me,345,0,0
1709303158625,1106,POST Login,200,OK,Worload Config 1-44,text,true,,1274,456,6,6,https://thinking-tester-contact-list.herokuapp.com/users/login,1106,0,763
1709303159502,318,PATCH User,200,OK,Worload Config 1-43,text,true,,873,507,6,6,https://thinking-tester-contact-list.herokuapp.com/users/me,318,0,0
1709303159520,310,GET Contact List,200,OK,Worload Config 1-42,text,true,,1071,360,6,6,https://thinking-tester-contact-list.herokuapp.com/contacts,310,0,0
1709303159731,447,PATCH User,200,OK,Worload Config 1-44,text,true,,873,507,6,6,https://thinking-tester-contact-list.herokuapp.com/users/me,447,0,0
1709303158959,1224,POST Login,200,OK,Worload Config 1-45,text,true,,1274,456,6,6,https://thinking-tester-contact-list.herokuapp.com/users/login,1224,0,781
1709303159821,367,GET Contact List,200,OK,Worload Config 1-43,text,true,,1071,360,6,6,https://thinking-tester-contact-list.herokuapp.com/contacts,367,0,0
1709303159292,1110,POST Login,200,OK,Worload Config 1-46,text,true,,1262,456,6,6,https://thinking-tester-contact-list.herokuapp.com/users/login,1110,0,769
1709303160178,262,GET Contact List,200,OK,Worload Config 1-44,text,true,,1059,360,6,6,https://thinking-tester-contact-list.herokuapp.com/contacts,262,0,0
1709303160183,339,PATCH User,200,OK,Worload Config 1-45,text,true,,861,507,5,5,https://thinking-tester-contact-list.herokuapp.com/users/me,338,0,0
1709303160402,374,PATCH User,200,OK,Worload Config 1-46,text,true,,861,507,6,6,https://thinking-tester-contact-list.herokuapp.com/users/me,374,0,0
1709303159623,1167,POST Login,200,OK,Worload Config 1-47,text,true,,1262,456,6,6,https://thinking-tester-contact-list.herokuapp.com/users/login,1167,0,782
1709303160522,274,GET Contact List,200,OK,Worload Config 1-45,text,true,,1059,360,6,6,https://thinking-tester-contact-list.herokuapp.com/contacts,274,0,0
1709303159958,1185,POST Login,200,OK,Worload Config 1-48,text,true,,1262,456,6,6,https://thinking-tester-contact-list.herokuapp.com/users/login,1185,0,772
1709303160777,409,GET Contact List,200,OK,Worload Config 1-46,text,true,,1059,360,6,6,https://thinking-tester-contact-list.herokuapp.com/contacts,409,0,0
1709303160790,437,PATCH User,200,OK,Worload Config 1-47,text,true,,861,507,5,5,https://thinking-tester-contact-list.herokuapp.com/users/me,437,0,0
1709303160288,1172,POST Login,200,OK,Worload Config 1-49,text,true,,1270,456,6,6,https://thinking-tester-contact-list.herokuapp.com/users/login,1172,0,768
1709303161228,282,GET Contact List,200,OK,Worload Config 1-47,text,true,,1067,360,6,6,https://thinking-tester-contact-list.herokuapp.com/contacts,282,0,0
1709303161154,366,PATCH User,200,OK,Worload Config 1-48,text,true,,869,507,5,5,https://thinking-tester-contact-list.herokuapp.com/users/me,366,0,0
1709303160623,1071,POST Login,200,OK,Worload Config 1-50,text,true,,1270,456,6,6,https://thinking-tester-contact-list.herokuapp.com/users/login,1071,0,751
1709303161520,271,GET Contact List,200,OK,Worload Config 1-48,text,true,,1067,360,6,6,https://thinking-tester-contact-list.herokuapp.com/contacts,271,0,0
1709303161460,341,PATCH User,200,OK,Worload Config 1-49,text,true,,869,507,5,5,https://thinking-tester-contact-list.herokuapp.com/users/me,341,0,0
1709303161694,303,PATCH User,200,OK,Worload Config 1-50,text,true,,869,507,6,6,https://thinking-tester-contact-list.herokuapp.com/users/me,303,0,0
1709303160957,1112,POST Login,200,OK,Worload Config 1-51,text,true,,1270,456,6,6,https://thinking-tester-contact-list.herokuapp.com/users/login,1112,0,755
1709303161801,287,GET Contact List,200,OK,Worload Config 1-49,text,true,,1067,360,6,6,https://thinking-tester-contact-list.herokuapp.com/contacts,287,0,0
1709303161998,269,GET Contact List,200,OK,Worload Config 1-50,text,true,,1067,360,5,5,https://thinking-tester-contact-list.herokuapp.com/contacts,269,0,0
1709303162069,359,PATCH User,200,OK,Worload Config 1-51,text,true,,873,507,5,5,https://thinking-tester-contact-list.herokuapp.com/users/me,359,0,0
1709303161288,1231,POST Login,200,OK,Worload Config 1-52,text,true,,1274,456,5,5,https://thinking-tester-contact-list.herokuapp.com/users/login,1231,0,801
1709303161621,1132,POST Login,200,OK,Worload Config 1-53,text,true,,1274,456,6,6,https://thinking-tester-contact-list.herokuapp.com/users/login,1132,0,768
1709303162428,326,GET Contact List,200,OK,Worload Config 1-51,text,true,,1071,360,6,6,https://thinking-tester-contact-list.herokuapp.com/contacts,326,0,0
1709303162520,355,PATCH User,200,OK,Worload Config 1-52,text,true,,873,507,5,5,https://thinking-tester-contact-list.herokuapp.com/users/me,355,0,0
1709303161955,1108,POST Login,200,OK,Worload Config 1-54,text,true,,1274,456,6,6,https://thinking-tester-contact-list.herokuapp.com/users/login,1107,0,756
1709303162875,282,GET Contact List,200,OK,Worload Config 1-52,text,true,,1071,360,6,6,https://thinking-tester-contact-list.herokuapp.com/contacts,282,0,0
1709303162753,423,PATCH User,200,OK,Worload Config 1-53,text,true,,873,507,5,5,https://thinking-tester-contact-list.herokuapp.com/users/me,422,0,0
1709303163062,316,PATCH User,200,OK,Worload Config 1-54,text,true,,861,507,6,6,https://thinking-tester-contact-list.herokuapp.com/users/me,316,0,0
1709303162288,1138,POST Login,200,OK,Worload Config 1-55,text,true,,1262,456,6,6,https://thinking-tester-contact-list.herokuapp.com/users/login,1138,0,811
1709303163175,266,GET Contact List,200,OK,Worload Config 1-53,text,true,,1059,360,6,6,https://thinking-tester-contact-list.herokuapp.com/contacts,266,0,0
1709303163378,281,GET Contact List,200,OK,Worload Config 1-54,text,true,,1059,360,6,6,https://thinking-tester-contact-list.herokuapp.com/contacts,281,0,0
1709303163425,308,PATCH User,200,OK,Worload Config 1-55,text,true,,861,507,5,5,https://thinking-tester-contact-list.herokuapp.com/users/me,308,0,0
1709303162621,1136,POST Login,200,OK,Worload Config 1-56,text,true,,1262,456,5,5,https://thinking-tester-contact-list.herokuapp.com/users/login,1136,0,797
1709303163734,277,GET Contact List,200,OK,Worload Config 1-55,text,true,,1059,360,6,6,https://thinking-tester-contact-list.herokuapp.com/contacts,277,0,0
1709303163756,350,PATCH User,200,OK,Worload Config 1-56,text,true,,861,507,5,5,https://thinking-tester-contact-list.herokuapp.com/users/me,350,0,0
1709303162954,1165,POST Login,200,OK,Worload Config 1-57,text,true,,1262,456,5,5,https://thinking-tester-contact-list.herokuapp.com/users/login,1165,0,785
1709303164107,289,GET Contact List,200,OK,Worload Config 1-56,text,true,,1067,360,6,6,https://thinking-tester-contact-list.herokuapp.com/contacts,289,0,0
1709303163287,1124,POST Login,200,OK,Worload Config 1-58,text,true,,1270,456,5,5,https://thinking-tester-contact-list.herokuapp.com/users/login,1124,0,768
1709303164120,334,PATCH User,200,OK,Worload Config 1-57,text,true,,869,507,5,5,https://thinking-tester-contact-list.herokuapp.com/users/me,334,0,0
1709303163619,1090,POST Login,200,OK,Worload Config 1-59,text,true,,1270,456,6,6,https://thinking-tester-contact-list.herokuapp.com/users/login,1090,0,749
1709303164412,349,PATCH User,200,OK,Worload Config 1-58,text,true,,869,507,6,6,https://thinking-tester-contact-list.herokuapp.com/users/me,349,0,0
1709303164454,319,GET Contact List,200,OK,Worload Config 1-57,text,true,,1067,360,6,6,https://thinking-tester-contact-list.herokuapp.com/contacts,319,0,0
1709303164709,309,PATCH User,200,OK,Worload Config 1-59,text,true,,869,507,6,6,https://thinking-tester-contact-list.herokuapp.com/users/me,309,0,0
1709303164762,390,GET Contact List,200,OK,Worload Config 1-58,text,true,,1067,360,6,6,https://thinking-tester-contact-list.herokuapp.com/contacts,390,0,0
1709303163951,1335,POST Login,200,OK,Worload Config 1-60,text,true,,1270,456,6,6,https://thinking-tester-contact-list.herokuapp.com/users/login,1335,0,810
1709303165018,334,GET Contact List,200,OK,Worload Config 1-59,text,true,,1067,360,6,6,https://thinking-tester-contact-list.herokuapp.com/contacts,334,0,0
1709303164285,1205,POST Login,200,OK,Worload Config 1-61,text,true,,1266,456,5,5,https://thinking-tester-contact-list.herokuapp.com/users/login,1205,0,814
1709303165287,395,PATCH User,200,OK,Worload Config 1-60,text,true,,865,507,6,6,https://thinking-tester-contact-list.herokuapp.com/users/me,395,0,0
1709303164617,1147,POST Login,200,OK,Worload Config 1-62,text,true,,1266,456,6,6,https://thinking-tester-contact-list.herokuapp.com/users/login,1147,0,796
1709303165490,390,PATCH User,200,OK,Worload Config 1-61,text,true,,865,507,6,6,https://thinking-tester-contact-list.herokuapp.com/users/me,390,0,0
1709303165682,279,GET Contact List,200,OK,Worload Config 1-60,text,true,,1063,360,7,7,https://thinking-tester-contact-list.herokuapp.com/contacts,279,0,0
1709303165881,283,GET Contact List,200,OK,Worload Config 1-61,text,true,,1063,360,6,6,https://thinking-tester-contact-list.herokuapp.com/contacts,283,0,0
1709303165764,417,PATCH User,200,OK,Worload Config 1-62,text,true,,865,507,5,5,https://thinking-tester-contact-list.herokuapp.com/users/me,417,0,0
1709303164952,1232,POST Login,200,OK,Worload Config 1-63,text,true,,1266,456,5,5,https://thinking-tester-contact-list.herokuapp.com/users/login,1232,0,802
1709303166181,281,GET Contact List,200,OK,Worload Config 1-62,text,true,,1067,360,6,6,https://thinking-tester-contact-list.herokuapp.com/contacts,280,0,0
1709303165285,1254,POST Login,200,OK,Worload Config 1-64,text,true,,1270,456,5,5,https://thinking-tester-contact-list.herokuapp.com/users/login,1254,0,864
1709303166184,382,PATCH User,200,OK,Worload Config 1-63,text,true,,869,507,5,5,https://thinking-tester-contact-list.herokuapp.com/users/me,382,0,0
1709303165617,1116,POST Login,200,OK,Worload Config 1-65,text,true,,1270,456,6,6,https://thinking-tester-contact-list.herokuapp.com/users/login,1116,0,782
1709303166539,370,PATCH User,200,OK,Worload Config 1-64,text,true,,869,507,6,6,https://thinking-tester-contact-list.herokuapp.com/users/me,370,0,0
1709303166566,347,GET Contact List,200,OK,Worload Config 1-63,text,true,,1067,360,6,6,https://thinking-tester-contact-list.herokuapp.com/contacts,347,0,0
1709303165951,1154,POST Login,200,OK,Worload Config 1-66,text,true,,1270,456,6,6,https://thinking-tester-contact-list.herokuapp.com/users/login,1154,0,779
1709303166733,391,PATCH User,200,OK,Worload Config 1-65,text,true,,869,507,6,6,https://thinking-tester-contact-list.herokuapp.com/users/me,391,0,0
1709303166909,312,GET Contact List,200,OK,Worload Config 1-64,text,true,,1067,360,6,6,https://thinking-tester-contact-list.herokuapp.com/contacts,312,0,0
1709303167125,325,GET Contact List,200,OK,Worload Config 1-65,text,true,,1071,360,6,6,https://thinking-tester-contact-list.herokuapp.com/contacts,325,0,0
1709303166283,1197,POST Login,200,OK,Worload Config 1-67,text,true,,1274,456,5,5,https://thinking-tester-contact-list.herokuapp.com/users/login,1197,0,782
1709303167106,375,PATCH User,200,OK,Worload Config 1-66,text,true,,873,507,5,5,https://thinking-tester-contact-list.herokuapp.com/users/me,375,0,0
1709303166617,1153,POST Login,200,OK,Worload Config 1-68,text,true,,1274,456,6,6,https://thinking-tester-contact-list.herokuapp.com/users/login,1153,0,799
1709303167482,319,GET Contact List,200,OK,Worload Config 1-66,text,true,,1071,360,6,6,https://thinking-tester-contact-list.herokuapp.com/contacts,319,0,0
1709303167481,343,PATCH User,200,OK,Worload Config 1-67,text,true,,873,507,5,5,https://thinking-tester-contact-list.herokuapp.com/users/me,342,0,0
1709303167824,268,GET Contact List,200,OK,Worload Config 1-67,text,true,,1071,360,6,6,https://thinking-tester-contact-list.herokuapp.com/contacts,267,0,0
1709303166948,1157,POST Login,200,OK,Worload Config 1-69,text,true,,1274,456,5,5,https://thinking-tester-contact-list.herokuapp.com/users/login,1157,0,797
1709303167770,358,PATCH User,200,OK,Worload Config 1-68,text,true,,873,507,5,5,https://thinking-tester-contact-list.herokuapp.com/users/me,358,0,0
1709303168128,293,GET Contact List,200,OK,Worload Config 1-68,text,true,,1067,360,6,6,https://thinking-tester-contact-list.herokuapp.com/contacts,293,0,0
1709303167282,1155,POST Login,200,OK,Worload Config 1-70,text,true,,1270,456,5,5,https://thinking-tester-contact-list.herokuapp.com/users/login,1155,0,803
1709303168105,375,PATCH User,200,OK,Worload Config 1-69,text,true,,869,507,5,5,https://thinking-tester-contact-list.herokuapp.com/users/me,375,0,0
1709303168480,275,GET Contact List,200,OK,Worload Config 1-69,text,true,,1067,360,6,6,https://thinking-tester-contact-list.herokuapp.com/contacts,275,0,0
1709303168437,329,PATCH User,200,OK,Worload Config 1-70,text,true,,869,507,5,5,https://thinking-tester-contact-list.herokuapp.com/users/me,329,0,0
1709303167616,1152,POST Login,200,OK,Worload Config 1-71,text,true,,1270,456,5,5,https://thinking-tester-contact-list.herokuapp.com/users/login,1152,0,798
1709303168766,272,GET Contact List,200,OK,Worload Config 1-70,text,true,,1067,360,6,6,https://thinking-tester-contact-list.herokuapp.com/contacts,272,0,0
1709303167949,1161,POST Login,200,OK,Worload Config 1-72,text,true,,1270,456,5,5,https://thinking-tester-contact-list.herokuapp.com/users/login,1161,0,765
1709303168768,391,PATCH User,200,OK,Worload Config 1-71,text,true,,869,507,5,5,https://thinking-tester-contact-list.herokuapp.com/users/me,391,0,0
1709303169111,351,PATCH User,200,OK,Worload Config 1-72,text,true,,865,507,6,6,https://thinking-tester-contact-list.herokuapp.com/users/me,351,0,0
1709303168281,1181,POST Login,200,OK,Worload Config 1-73,text,true,,1266,456,6,6,https://thinking-tester-contact-list.herokuapp.com/users/login,1181,0,797
1709303169184,301,GET Contact List,200,OK,Worload Config 1-71,text,true,,1063,360,6,6,https://thinking-tester-contact-list.herokuapp.com/contacts,301,0,0
1709303169463,347,GET Contact List,200,OK,Worload Config 1-72,text,true,,1063,360,6,6,https://thinking-tester-contact-list.herokuapp.com/contacts,347,0,0
1709303168616,1227,POST Login,200,OK,Worload Config 1-74,text,true,,1266,456,5,5,https://thinking-tester-contact-list.herokuapp.com/users/login,1227,0,782
1709303169463,402,PATCH User,200,OK,Worload Config 1-73,text,true,,865,507,5,5,https://thinking-tester-contact-list.herokuapp.com/users/me,402,0,0
1709303168946,1179,POST Login,200,OK,Worload Config 1-75,text,true,,1266,456,6,6,https://thinking-tester-contact-list.herokuapp.com/users/login,1179,0,780
1709303169843,361,PATCH User,200,OK,Worload Config 1-74,text,true,,865,507,6,6,https://thinking-tester-contact-list.herokuapp.com/users/me,361,0,0
1709303169866,341,GET Contact List,200,OK,Worload Config 1-73,text,true,,1063,360,6,6,https://thinking-tester-contact-list.herokuapp.com/contacts,341,0,0
1709303169280,1162,POST Login,200,OK,Worload Config 1-76,text,true,,1274,456,6,6,https://thinking-tester-contact-list.herokuapp.com/users/login,1162,0,789
1709303170126,342,PATCH User,200,OK,Worload Config 1-75,text,true,,873,507,6,6,https://thinking-tester-contact-list.herokuapp.com/users/me,342,0,0
1709303170204,288,GET Contact List,200,OK,Worload Config 1-74,text,true,,1071,360,6,6,https://thinking-tester-contact-list.herokuapp.com/contacts,288,0,0
1709303170469,328,GET Contact List,200,OK,Worload Config 1-75,text,true,,1071,360,6,6,https://thinking-tester-contact-list.herokuapp.com/contacts,328,0,0
1709303169613,1204,POST Login,200,OK,Worload Config 1-77,text,true,,1274,456,5,5,https://thinking-tester-contact-list.herokuapp.com/users/login,1204,0,773
1709303170443,413,PATCH User,200,OK,Worload Config 1-76,text,true,,873,507,5,5,https://thinking-tester-contact-list.herokuapp.com/users/me,413,0,0
1709303169946,1179,POST Login,200,OK,Worload Config 1-78,text,true,,1274,456,6,6,https://thinking-tester-contact-list.herokuapp.com/users/login,1179,0,799
1709303170817,377,PATCH User,200,OK,Worload Config 1-77,text,true,,873,507,6,6,https://thinking-tester-contact-list.herokuapp.com/users/me,377,0,0
1709303170857,350,GET Contact List,200,OK,Worload Config 1-76,text,true,,1071,360,6,6,https://thinking-tester-contact-list.herokuapp.com/contacts,350,0,0
1709303171194,436,GET Contact List,200,OK,Worload Config 1-77,text,true,,1063,360,7,7,https://thinking-tester-contact-list.herokuapp.com/contacts,436,0,0
1709303170280,1354,POST Login,200,OK,Worload Config 1-79,text,true,,1266,456,6,6,https://thinking-tester-contact-list.herokuapp.com/users/login,1354,0,818
1709303171126,521,PATCH User,200,OK,Worload Config 1-78,text,false,"The operation lasted too long: It took 521 milliseconds, but should not have lasted longer than 500 milliseconds.",865,507,6,6,https://thinking-tester-contact-list.herokuapp.com/users/me,521,0,0
1709303170614,1134,POST Login,200,OK,Worload Config 1-80,text,true,,1266,456,6,6,https://thinking-tester-contact-list.herokuapp.com/users/login,1134,0,773
1709303171648,332,GET Contact List,200,OK,Worload Config 1-78,text,true,,1063,360,7,7,https://thinking-tester-contact-list.herokuapp.com/contacts,332,0,0
1709303171635,351,PATCH User,200,OK,Worload Config 1-79,text,true,,865,507,6,6,https://thinking-tester-contact-list.herokuapp.com/users/me,351,0,0
1709303170945,1114,POST Login,200,OK,Worload Config 1-81,text,true,,1266,456,6,6,https://thinking-tester-contact-list.herokuapp.com/users/login,1114,0,767
1709303171748,404,PATCH User,200,OK,Worload Config 1-80,text,true,,865,507,6,6,https://thinking-tester-contact-list.herokuapp.com/users/me,404,0,0
1709303171986,285,GET Contact List,200,OK,Worload Config 1-79,text,true,,1063,360,6,6,https://thinking-tester-contact-list.herokuapp.com/contacts,285,0,0
1709303171278,1142,POST Login,200,OK,Worload Config 1-82,text,true,,1262,456,6,6,https://thinking-tester-contact-list.herokuapp.com/users/login,1142,0,776
1709303172152,269,GET Contact List,200,OK,Worload Config 1-80,text,true,,1059,360,6,6,https://thinking-tester-contact-list.herokuapp.com/contacts,269,0,0
1709303172060,392,PATCH User,200,OK,Worload Config 1-81,text,true,,861,507,5,5,https://thinking-tester-contact-list.herokuapp.com/users/me,392,0,0
1709303171612,1184,POST Login,200,OK,Worload Config 1-83,text,true,,1262,456,6,6,https://thinking-tester-contact-list.herokuapp.com/users/login,1184,0,768
1709303172452,353,GET Contact List,200,OK,Worload Config 1-81,text,true,,1059,360,6,6,https://thinking-tester-contact-list.herokuapp.com/contacts,353,0,0
1709303172421,418,PATCH User,200,OK,Worload Config 1-82,text,true,,861,507,5,5,https://thinking-tester-contact-list.herokuapp.com/users/me,418,0,0
1709303171946,1167,POST Login,200,OK,Worload Config 1-84,text,true,,1262,456,6,6,https://thinking-tester-contact-list.herokuapp.com/users/login,1167,0,765
1709303172839,286,GET Contact List,200,OK,Worload Config 1-82,text,true,,1059,360,6,6,https://thinking-tester-contact-list.herokuapp.com/contacts,286,0,0
1709303172797,358,PATCH User,200,OK,Worload Config 1-83,text,true,,861,507,5,5,https://thinking-tester-contact-list.herokuapp.com/users/me,358,0,0
1709303172276,1169,POST Login,200,OK,Worload Config 1-85,text,true,,1266,456,6,6,https://thinking-tester-contact-list.herokuapp.com/users/login,1169,0,770
1709303173155,338,GET Contact List,200,OK,Worload Config 1-83,text,true,,1063,360,6,6,https://thinking-tester-contact-list.herokuapp.com/contacts,338,0,0
1709303173114,397,PATCH User,200,OK,Worload Config 1-84,text,true,,865,507,5,5,https://thinking-tester-contact-list.herokuapp.com/users/me,397,0,0
1709303172613,1174,POST Login,200,OK,Worload Config 1-86,text,true,,1266,456,6,6,https://thinking-tester-contact-list.herokuapp.com/users/login,1174,0,773
1709303173511,319,GET Contact List,200,OK,Worload Config 1-84,text,true,,1063,360,6,6,https://thinking-tester-contact-list.herokuapp.com/contacts,319,0,0
1709303173445,454,PATCH User,200,OK,Worload Config 1-85,text,true,,865,507,5,5,https://thinking-tester-contact-list.herokuapp.com/users/me,454,0,0
1709303172946,1156,POST Login,200,OK,Worload Config 1-87,text,true,,1266,456,6,6,https://thinking-tester-contact-list.herokuapp.com/users/login,1156,0,767
1709303173787,385,PATCH User,200,OK,Worload Config 1-86,text,true,,865,507,6,6,https://thinking-tester-contact-list.herokuapp.com/users/me,385,0,0
1709303173900,337,GET Contact List,200,OK,Worload Config 1-85,text,true,,1063,360,6,6,https://thinking-tester-contact-list.herokuapp.com/contacts,337,0,0
1709303173276,1150,POST Login,200,OK,Worload Config 1-88,text,true,,1262,456,6,6,https://thinking-tester-contact-list.herokuapp.com/users/login,1150,0,765
1709303174102,364,PATCH User,200,OK,Worload Config 1-87,text,true,,861,507,6,6,https://thinking-tester-contact-list.herokuapp.com/users/me,364,0,0
1709303174215,374,GET Contact List,200,OK,Worload Config 1-86,text,true,,1059,360,6,6,https://thinking-tester-contact-list.herokuapp.com/contacts,374,0,0
1709303173610,1186,POST Login,200,OK,Worload Config 1-89,text,true,,1262,456,6,6,https://thinking-tester-contact-list.herokuapp.com/users/login,1186,0,768
1709303174466,330,GET Contact List,200,OK,Worload Config 1-87,text,true,,1059,360,6,6,https://thinking-tester-contact-list.herokuapp.com/contacts,330,0,0
1709303174426,401,PATCH User,200,OK,Worload Config 1-88,text,true,,861,507,5,5,https://thinking-tester-contact-list.herokuapp.com/users/me,401,0,0
1709303173942,1250,POST Login,200,OK,Worload Config 1-90,text,true,,1262,456,6,6,https://thinking-tester-contact-list.herokuapp.com/users/login,1250,0,769
1709303174797,387,PATCH User,200,OK,Worload Config 1-89,text,true,,861,507,6,6,https://thinking-tester-contact-list.herokuapp.com/users/me,387,0,0
1709303174828,352,GET Contact List,200,OK,Worload Config 1-88,text,true,,1059,360,6,6,https://thinking-tester-contact-list.herokuapp.com/contacts,352,0,0
1709303174274,1168,POST Login,200,OK,Worload Config 1-91,text,true,,1270,456,6,6,https://thinking-tester-contact-list.herokuapp.com/users/login,1167,0,791
1709303175212,289,GET Contact List,200,OK,Worload Config 1-89,text,true,,1067,360,6,6,https://thinking-tester-contact-list.herokuapp.com/contacts,289,0,0
1709303175212,370,PATCH User,200,OK,Worload Config 1-90,text,true,,869,507,5,5,https://thinking-tester-contact-list.herokuapp.com/users/me,370,0,0
1709303175442,387,PATCH User,200,OK,Worload Config 1-91,text,true,,869,507,6,6,https://thinking-tester-contact-list.herokuapp.com/users/me,387,0,0
1709303174611,1223,POST Login,200,OK,Worload Config 1-92,text,true,,1270,456,6,6,https://thinking-tester-contact-list.herokuapp.com/users/login,1223,0,827
1709303175582,309,GET Contact List,200,OK,Worload Config 1-90,text,true,,1067,360,6,6,https://thinking-tester-contact-list.herokuapp.com/contacts,309,0,0
1709303174942,1217,POST Login,200,OK,Worload Config 1-93,text,true,,1270,456,6,6,https://thinking-tester-contact-list.herokuapp.com/users/login,1217,0,781
1709303175830,395,GET Contact List,200,OK,Worload Config 1-91,text,true,,1067,360,6,6,https://thinking-tester-contact-list.herokuapp.com/contacts,395,0,0
1709303175835,464,PATCH User,200,OK,Worload Config 1-92,text,true,,869,507,6,6,https://thinking-tester-contact-list.herokuapp.com/users/me,464,0,0
1709303175276,1141,POST Login,200,OK,Worload Config 1-94,text,true,,1274,456,6,6,https://thinking-tester-contact-list.herokuapp.com/users/login,1141,0,766
1709303176159,339,PATCH User,200,OK,Worload Config 1-93,text,true,,873,507,6,6,https://thinking-tester-contact-list.herokuapp.com/users/me,339,0,0
1709303176300,301,GET Contact List,200,OK,Worload Config 1-92,text,true,,1071,360,6,6,https://thinking-tester-contact-list.herokuapp.com/contacts,301,0,0
1709303176418,333,PATCH User,200,OK,Worload Config 1-94,text,true,,873,507,6,6,https://thinking-tester-contact-list.herokuapp.com/users/me,333,0,0
1709303175608,1150,POST Login,200,OK,Worload Config 1-95,text,true,,1274,456,6,6,https://thinking-tester-contact-list.herokuapp.com/users/login,1150,0,770
1709303176498,291,GET Contact List,200,OK,Worload Config 1-93,text,true,,1071,360,6,6,https://thinking-tester-contact-list.herokuapp.com/contacts,291,0,0
1709303176751,270,GET Contact List,200,OK,Worload Config 1-94,text,true,,1071,360,6,6,https://thinking-tester-contact-list.herokuapp.com/contacts,270,0,0
1709303175942,1147,POST Login,200,OK,Worload Config 1-96,text,true,,1274,456,5,5,https://thinking-tester-contact-list.herokuapp.com/users/login,1146,0,773
1709303176758,402,PATCH User,200,OK,Worload Config 1-95,text,true,,873,507,5,5,https://thinking-tester-contact-list.herokuapp.com/users/me,402,0,0
1709303177160,302,GET Contact List,200,OK,Worload Config 1-95,text,true,,1067,360,6,6,https://thinking-tester-contact-list.herokuapp.com/contacts,302,0,0
1709303176272,1194,POST Login,200,OK,Worload Config 1-97,text,true,,1270,456,5,5,https://thinking-tester-contact-list.herokuapp.com/users/login,1193,0,804
1709303177089,378,PATCH User,200,OK,Worload Config 1-96,text,true,,869,507,5,5,https://thinking-tester-contact-list.herokuapp.com/users/me,378,0,0
1709303177467,300,GET Contact List,200,OK,Worload Config 1-96,text,true,,1067,360,6,6,https://thinking-tester-contact-list.herokuapp.com/contacts,300,0,0
1709303176604,1170,POST Login,200,OK,Worload Config 1-98,text,true,,1270,456,5,5,https://thinking-tester-contact-list.herokuapp.com/users/login,1170,0,792
1709303177466,381,PATCH User,200,OK,Worload Config 1-97,text,true,,869,507,5,5,https://thinking-tester-contact-list.herokuapp.com/users/me,381,0,0
1709303176940,1128,POST Login,200,OK,Worload Config 1-99,text,true,,1270,456,6,6,https://thinking-tester-contact-list.herokuapp.com/users/login,1128,0,788
1709303177774,356,PATCH User,200,OK,Worload Config 1-98,text,true,,869,507,6,6,https://thinking-tester-contact-list.herokuapp.com/users/me,356,0,0
1709303177847,285,GET Contact List,200,OK,Worload Config 1-97,text,true,,1067,360,6,6,https://thinking-tester-contact-list.herokuapp.com/contacts,285,0,0
1709303178068,338,PATCH User,200,OK,Worload Config 1-99,text,true,,865,507,6,6,https://thinking-tester-contact-list.herokuapp.com/users/me,338,0,0
1709303177272,1158,POST Login,200,OK,Worload Config 1-100,text,true,,1266,456,6,6,https://thinking-tester-contact-list.herokuapp.com/users/login,1158,0,791
1709303178130,313,GET Contact List,200,OK,Worload Config 1-98,text,true,,1063,360,6,6,https://thinking-tester-contact-list.herokuapp.com/contacts,313,0,0
1709303178431,316,PATCH User,200,OK,Worload Config 1-100,text,true,,865,507,6,6,https://thinking-tester-contact-list.herokuapp.com/users/me,316,0,0
1709303177607,1185,POST Login,200,OK,Worload Config 1-101,text,true,,1266,456,6,6,https://thinking-tester-contact-list.herokuapp.com/users/login,1185,0,783
1709303178407,393,GET Contact List,200,OK,Worload Config 1-99,text,true,,1063,360,6,6,https://thinking-tester-contact-list.herokuapp.com/contacts,393,0,0
1709303177940,1123,POST Login,200,OK,Worload Config 1-102,text,true,,1266,456,6,6,https://thinking-tester-contact-list.herokuapp.com/users/login,1123,0,778
1709303178747,317,GET Contact List,200,OK,Worload Config 1-100,text,true,,1063,360,6,6,https://thinking-tester-contact-list.herokuapp.com/contacts,317,0,0
1709303178792,342,PATCH User,200,OK,Worload Config 1-101,text,true,,865,507,5,5,https://thinking-tester-contact-list.herokuapp.com/users/me,342,0,0
1709303178270,1122,POST Login,200,OK,Worload Config 1-103,text,true,,1266,456,6,6,https://thinking-tester-contact-list.herokuapp.com/users/login,1122,0,769
1709303179134,288,GET Contact List,200,OK,Worload Config 1-101,text,true,,1063,360,6,6,https://thinking-tester-contact-list.herokuapp.com/contacts,288,0,0
1709303179064,366,PATCH User,200,OK,Worload Config 1-102,text,true,,865,507,5,5,https://thinking-tester-contact-list.herokuapp.com/users/me,366,0,0
1709303179431,272,GET Contact List,200,OK,Worload Config 1-102,text,true,,1063,360,6,6,https://thinking-tester-contact-list.herokuapp.com/contacts,272,0,0
1709303178605,1152,POST Login,200,OK,Worload Config 1-104,text,true,,1266,456,5,5,https://thinking-tester-contact-list.herokuapp.com/users/login,1152,0,788
1709303179393,417,PATCH User,200,OK,Worload Config 1-103,text,true,,865,507,5,5,https://thinking-tester-contact-list.herokuapp.com/users/me,417,0,0
1709303178937,1129,POST Login,200,OK,Worload Config 1-105,text,true,,1266,456,6,6,https://thinking-tester-contact-list.herokuapp.com/users/login,1129,0,769
1709303179811,305,GET Contact List,200,OK,Worload Config 1-103,text,true,,1063,360,6,6,https://thinking-tester-contact-list.herokuapp.com/contacts,305,0,0
1709303179757,386,PATCH User,200,OK,Worload Config 1-104,text,true,,865,507,5,5,https://thinking-tester-contact-list.herokuapp.com/users/me,386,0,0
1709303179269,1147,POST Login,200,OK,Worload Config 1-106,text,true,,1262,456,6,6,https://thinking-tester-contact-list.herokuapp.com/users/login,1147,0,780
1709303180143,311,GET Contact List,200,OK,Worload Config 1-104,text,true,,1059,360,6,6,https://thinking-tester-contact-list.herokuapp.com/contacts,311,0,0
1709303180067,397,PATCH User,200,OK,Worload Config 1-105,text,true,,861,507,5,5,https://thinking-tester-contact-list.herokuapp.com/users/me,397,0,0
1709303180464,337,GET Contact List,200,OK,Worload Config 1-105,text,true,,1059,360,6,6,https://thinking-tester-contact-list.herokuapp.com/contacts,337,0,0
1709303180417,397,PATCH User,200,OK,Worload Config 1-106,text,true,,861,507,5,5,https://thinking-tester-contact-list.herokuapp.com/users/me,397,0,0
1709303179603,1218,POST Login,200,OK,Worload Config 1-107,text,true,,1262,456,5,5,https://thinking-tester-contact-list.herokuapp.com/users/login,1218,0,793
1709303179938,1165,POST Login,200,OK,Worload Config 1-108,text,true,,1262,456,6,6,https://thinking-tester-contact-list.herokuapp.com/users/login,1165,0,763
1709303180814,315,GET Contact List,200,OK,Worload Config 1-106,text,true,,1059,360,6,6,https://thinking-tester-contact-list.herokuapp.com/contacts,315,0,0
1709303180821,365,PATCH User,200,OK,Worload Config 1-107,text,true,,861,507,5,5,https://thinking-tester-contact-list.herokuapp.com/users/me,365,0,0
1709303180269,1161,POST Login,200,OK,Worload Config 1-109,text,true,,1266,456,6,6,https://thinking-tester-contact-list.herokuapp.com/users/login,1160,0,819
1709303181104,347,PATCH User,200,OK,Worload Config 1-108,text,true,,865,507,6,6,https://thinking-tester-contact-list.herokuapp.com/users/me,347,0,0
1709303181227,275,GET Contact List,200,OK,Worload Config 1-107,text,true,,1063,360,6,6,https://thinking-tester-contact-list.herokuapp.com/contacts,275,0,0
1709303181452,344,GET Contact List,200,OK,Worload Config 1-108,text,true,,1063,360,6,6,https://thinking-tester-contact-list.herokuapp.com/contacts,344,0,0
1709303180604,1160,POST Login,200,OK,Worload Config 1-110,text,true,,1266,456,6,6,https://thinking-tester-contact-list.herokuapp.com/users/login,1160,0,785
1709303181430,387,PATCH User,200,OK,Worload Config 1-109,text,true,,865,507,5,5,https://thinking-tester-contact-list.herokuapp.com/users/me,387,0,0
1709303180934,1147,POST Login,200,OK,Worload Config 1-111,text,true,,1266,456,6,6,https://thinking-tester-contact-list.herokuapp.com/users/login,1147,0,776
1709303181817,372,GET Contact List,200,OK,Worload Config 1-109,text,true,,1063,360,6,6,https://thinking-tester-contact-list.herokuapp.com/contacts,372,0,0
1709303181816,434,PATCH User,200,OK,Worload Config 1-110,text,true,,865,507,5,5,https://thinking-tester-contact-list.herokuapp.com/users/me,434,0,0
1709303182082,333,PATCH User,200,OK,Worload Config 1-111,text,true,,869,507,6,6,https://thinking-tester-contact-list.herokuapp.com/users/me,333,0,0
1709303181267,1156,POST Login,200,OK,Worload Config 1-112,text,true,,1270,456,6,6,https://thinking-tester-contact-list.herokuapp.com/users/login,1156,0,801
1709303182250,285,GET Contact List,200,OK,Worload Config 1-110,text,true,,1067,360,6,6,https://thinking-tester-contact-list.herokuapp.com/contacts,285,0,0
1709303182416,301,GET Contact List,200,OK,Worload Config 1-111,text,true,,1067,360,6,6,https://thinking-tester-contact-list.herokuapp.com/contacts,301,0,0
1709303181600,1172,POST Login,200,OK,Worload Config 1-113,text,true,,1270,456,5,5,https://thinking-tester-contact-list.herokuapp.com/users/login,1172,0,778
1709303182424,369,PATCH User,200,OK,Worload Config 1-112,text,true,,869,507,5,5,https://thinking-tester-contact-list.herokuapp.com/users/me,369,0,0
1709303181934,1152,POST Login,200,OK,Worload Config 1-114,text,true,,1270,456,6,6,https://thinking-tester-contact-list.herokuapp.com/users/login,1152,0,796
1709303182794,363,GET Contact List,200,OK,Worload Config 1-112,text,true,,1067,360,6,6,https://thinking-tester-contact-list.herokuapp.com/contacts,363,0,0
1709303182773,407,PATCH User,200,OK,Worload Config 1-113,text,true,,869,507,5,5,https://thinking-tester-contact-list.herokuapp.com/users/me,407,0,0
1709303182267,1152,POST Login,200,OK,Worload Config 1-115,text,true,,1270,456,6,6,https://thinking-tester-contact-list.herokuapp.com/users/login,1152,0,775
1709303183180,274,GET Contact List,200,OK,Worload Config 1-113,text,true,,1067,360,6,6,https://thinking-tester-contact-list.herokuapp.com/contacts,274,0,0
1709303183087,391,PATCH User,200,OK,Worload Config 1-114,text,true,,869,507,5,5,https://thinking-tester-contact-list.herokuapp.com/users/me,391,0,0
1709303182602,1111,POST Login,200,OK,Worload Config 1-116,text,true,,1270,456,6,6,https://thinking-tester-contact-list.herokuapp.com/users/login,1111,0,767
1709303183420,350,PATCH User,200,OK,Worload Config 1-115,text,true,,869,507,6,6,https://thinking-tester-contact-list.herokuapp.com/users/me,350,0,0
1709303183479,297,GET Contact List,200,OK,Worload Config 1-114,text,true,,1067,360,6,6,https://thinking-tester-contact-list.herokuapp.com/contacts,297,0,0
1709303183733,321,PATCH User,200,OK,Worload Config 1-116,text,true,,869,507,6,6,https://thinking-tester-contact-list.herokuapp.com/users/me,321,0,0
1709303183770,286,GET Contact List,200,OK,Worload Config 1-115,text,true,,1067,360,6,6,https://thinking-tester-contact-list.herokuapp.com/contacts,286,0,0
1709303182935,1139,POST Login,200,OK,Worload Config 1-117,text,true,,1270,456,5,5,https://thinking-tester-contact-list.herokuapp.com/users/login,1139,0,777
1709303184055,293,GET Contact List,200,OK,Worload Config 1-116,text,true,,1059,360,6,6,https://thinking-tester-contact-list.herokuapp.com/contacts,293,0,0
1709303183266,1127,POST Login,200,OK,Worload Config 1-118,text,true,,1262,456,5,5,https://thinking-tester-contact-list.herokuapp.com/users/login,1127,0,785
1709303184075,351,PATCH User,200,OK,Worload Config 1-117,text,true,,861,507,5,5,https://thinking-tester-contact-list.herokuapp.com/users/me,351,0,0
1709303183599,1158,POST Login,200,OK,Worload Config 1-119,text,true,,1262,456,6,6,https://thinking-tester-contact-list.herokuapp.com/users/login,1158,0,794
1709303184427,387,GET Contact List,200,OK,Worload Config 1-117,text,true,,1059,360,6,6,https://thinking-tester-contact-list.herokuapp.com/contacts,387,0,0
1709303184393,427,PATCH User,200,OK,Worload Config 1-118,text,true,,861,507,5,5,https://thinking-tester-contact-list.herokuapp.com/users/me,427,0,0
1709303184763,785,PATCH User,200,OK,Worload Config 1-119,text,false,"The operation lasted too long: It took 785 milliseconds, but should not have lasted longer than 500 milliseconds.",861,507,7,7,https://thinking-tester-contact-list.herokuapp.com/users/me,785,0,0
1709303184820,814,GET Contact List,200,OK,Worload Config 1-118,text,false,"The operation lasted too long: It took 814 milliseconds, but should not have lasted longer than 500 milliseconds.",1059,360,8,8,https://thinking-tester-contact-list.herokuapp.com/contacts,814,0,0
1709303184264,1377,POST Login,200,OK,Worload Config 1-121,text,true,,1262,456,7,7,https://thinking-tester-contact-list.herokuapp.com/users/login,1377,0,1022
1709303183931,1818,POST Login,200,OK,Worload Config 1-120,text,false,"The operation lasted too long: It took 1,818 milliseconds, but should not have lasted longer than 1,500 milliseconds.",1262,456,7,7,https://thinking-tester-contact-list.herokuapp.com/users/login,1818,0,842
1709303185549,310,GET Contact List,200,OK,Worload Config 1-119,text,true,,1059,360,7,7,https://thinking-tester-contact-list.herokuapp.com/contacts,310,0,0
1709303185642,349,PATCH User,200,OK,Worload Config 1-121,text,true,,861,507,7,7,https://thinking-tester-contact-list.herokuapp.com/users/me,349,0,0
1709303185750,326,PATCH User,200,OK,Worload Config 1-120,text,true,,861,507,7,7,https://thinking-tester-contact-list.herokuapp.com/users/me,326,0,0
1709303184932,1303,POST Login,200,OK,Worload Config 1-123,text,true,,1262,456,7,7,https://thinking-tester-contact-list.herokuapp.com/users/login,1303,0,884
1709303186077,300,GET Contact List,200,OK,Worload Config 1-120,text,true,,1067,360,8,8,https://thinking-tester-contact-list.herokuapp.com/contacts,300,0,0
1709303185992,385,GET Contact List,200,OK,Worload Config 1-121,text,true,,1067,360,8,8,https://thinking-tester-contact-list.herokuapp.com/contacts,385,0,0
1709303184599,1867,POST Login,200,OK,Worload Config 1-122,text,false,"The operation lasted too long: It took 1,867 milliseconds, but should not have lasted longer than 1,500 milliseconds.",1270,456,6,6,https://thinking-tester-contact-list.herokuapp.com/users/login,1867,0,1477
1709303185265,1237,POST Login,401,Unauthorized,Worload Config 1-124,,false,,673,456,6,6,https://thinking-tester-contact-list.herokuapp.com/users/login,1237,0,834
1709303186244,458,PATCH User,200,OK,Worload Config 1-123,text,true,,869,507,7,7,https://thinking-tester-contact-list.herokuapp.com/users/me,457,0,0
1709303186467,377,PATCH User,200,OK,Worload Config 1-122,text,true,,869,507,7,7,https://thinking-tester-contact-list.herokuapp.com/users/me,377,0,0
1709303186503,356,PATCH User,200,OK,Worload Config 1-124,text,true,,869,507,7,7,https://thinking-tester-contact-list.herokuapp.com/users/me,356,0,0
1709303185597,1273,POST Login,200,OK,Worload Config 1-125,text,true,,1270,456,7,7,https://thinking-tester-contact-list.herokuapp.com/users/login,1273,0,874
1709303186747,302,GET Contact List,200,OK,Worload Config 1-123,text,true,,1067,360,8,8,https://thinking-tester-contact-list.herokuapp.com/contacts,302,0,0
1709303186844,369,GET Contact List,200,OK,Worload Config 1-122,text,true,,1067,360,7,7,https://thinking-tester-contact-list.herokuapp.com/contacts,369,0,0
1709303186860,423,GET Contact List,200,OK,Worload Config 1-124,text,true,,1067,360,7,7,https://thinking-tester-contact-list.herokuapp.com/contacts,423,0,0
1709303186870,434,PATCH User,200,OK,Worload Config 1-125,text,true,,869,507,6,6,https://thinking-tester-contact-list.herokuapp.com/users/me,434,0,0
1709303185930,1414,POST Login,200,OK,Worload Config 1-126,text,true,,1270,456,6,6,https://thinking-tester-contact-list.herokuapp.com/users/login,1414,0,1016
1709303186262,1279,POST Login,200,OK,Worload Config 1-127,text,true,,1266,456,6,6,https://thinking-tester-contact-list.herokuapp.com/users/login,1279,0,929
1709303187305,310,GET Contact List,200,OK,Worload Config 1-125,text,true,,1063,360,7,7,https://thinking-tester-contact-list.herokuapp.com/contacts,310,0,0
1709303187344,353,PATCH User,200,OK,Worload Config 1-126,text,true,,865,507,6,6,https://thinking-tester-contact-list.herokuapp.com/users/me,353,0,0
1709303186605,1212,POST Login,200,OK,Worload Config 1-128,text,true,,1266,456,6,6,https://thinking-tester-contact-list.herokuapp.com/users/login,1212,0,822
1709303187542,353,PATCH User,200,OK,Worload Config 1-127,text,true,,865,507,6,6,https://thinking-tester-contact-list.herokuapp.com/users/me,353,0,0
1709303187766,318,GET Contact List,200,OK,Worload Config 1-126,text,true,,1063,360,7,7,https://thinking-tester-contact-list.herokuapp.com/contacts,318,0,0
1709303187818,346,PATCH User,200,OK,Worload Config 1-128,text,true,,865,507,6,6,https://thinking-tester-contact-list.herokuapp.com/users/me,346,0,0
1709303187895,335,GET Contact List,200,OK,Worload Config 1-127,text,true,,1063,360,6,6,https://thinking-tester-contact-list.herokuapp.com/contacts,335,0,0
1709303186929,1301,POST Login,200,OK,Worload Config 1-129,text,true,,1266,456,6,6,https://thinking-tester-contact-list.herokuapp.com/users/login,1301,0,836
1709303187262,1194,POST Login,200,OK,Worload Config 1-130,text,true,,1262,456,6,6,https://thinking-tester-contact-list.herokuapp.com/users/login,1194,0,848
1709303188165,293,GET Contact List,200,OK,Worload Config 1-128,text,true,,1059,360,6,6,https://thinking-tester-contact-list.herokuapp.com/contacts,293,0,0
1709303188250,404,PATCH User,200,OK,Worload Config 1-129,text,true,,861,507,6,6,https://thinking-tester-contact-list.herokuapp.com/users/me,404,0,0
1709303187595,1173,POST Login,200,OK,Worload Config 1-131,text,true,,1262,456,6,6,https://thinking-tester-contact-list.herokuapp.com/users/login,1173,0,811
1709303188457,317,PATCH User,200,OK,Worload Config 1-130,text,true,,861,507,6,6,https://thinking-tester-contact-list.herokuapp.com/users/me,317,0,0
1709303188655,339,GET Contact List,200,OK,Worload Config 1-129,text,true,,1059,360,7,7,https://thinking-tester-contact-list.herokuapp.com/contacts,339,0,0
1709303188774,285,GET Contact List,200,OK,Worload Config 1-130,text,true,,1059,360,6,6,https://thinking-tester-contact-list.herokuapp.com/contacts,285,0,0
1709303188771,349,PATCH User,200,OK,Worload Config 1-131,text,true,,861,507,5,5,https://thinking-tester-contact-list.herokuapp.com/users/me,349,0,0
1709303187928,1242,POST Login,200,OK,Worload Config 1-132,text,true,,1262,456,5,5,https://thinking-tester-contact-list.herokuapp.com/users/login,1242,0,852
1709303188261,1174,POST Login,200,OK,Worload Config 1-133,text,true,,1266,456,6,6,https://thinking-tester-contact-list.herokuapp.com/users/login,1174,0,811
1709303189121,315,GET Contact List,200,OK,Worload Config 1-131,text,true,,1063,360,6,6,https://thinking-tester-contact-list.herokuapp.com/contacts,315,0,0
1709303189170,327,PATCH User,200,OK,Worload Config 1-132,text,true,,865,507,5,5,https://thinking-tester-contact-list.herokuapp.com/users/me,327,0,0
1709303188594,1174,POST Login,200,OK,Worload Config 1-134,text,true,,1266,456,6,6,https://thinking-tester-contact-list.herokuapp.com/users/login,1174,0,818
1709303189498,271,GET Contact List,200,OK,Worload Config 1-132,text,true,,1063,360,6,6,https://thinking-tester-contact-list.herokuapp.com/contacts,271,0,0
1709303189435,390,PATCH User,200,OK,Worload Config 1-133,text,true,,865,507,5,5,https://thinking-tester-contact-list.herokuapp.com/users/me,390,0,0
1709303188928,1187,POST Login,200,OK,Worload Config 1-135,text,true,,1266,456,6,6,https://thinking-tester-contact-list.herokuapp.com/users/login,1187,0,799
1709303189826,291,GET Contact List,200,OK,Worload Config 1-133,text,true,,1063,360,6,6,https://thinking-tester-contact-list.herokuapp.com/contacts,291,0,0
1709303189768,363,PATCH User,200,OK,Worload Config 1-134,text,true,,865,507,5,5,https://thinking-tester-contact-list.herokuapp.com/users/me,363,0,0
1709303190131,309,GET Contact List,200,OK,Worload Config 1-134,text,true,,1063,360,6,6,https://thinking-tester-contact-list.herokuapp.com/contacts,309,0,0
1709303189260,1194,POST Login,200,OK,Worload Config 1-136,text,true,,1266,456,5,5,https://thinking-tester-contact-list.herokuapp.com/users/login,1194,0,772
1709303190116,396,PATCH User,200,OK,Worload Config 1-135,text,true,,865,507,5,5,https://thinking-tester-contact-list.herokuapp.com/users/me,396,0,0
1709303189595,1180,POST Login,200,OK,Worload Config 1-137,text,true,,1266,456,6,6,https://thinking-tester-contact-list.herokuapp.com/users/login,1180,0,788
1709303190455,345,PATCH User,200,OK,Worload Config 1-136,text,true,,865,507,6,6,https://thinking-tester-contact-list.herokuapp.com/users/me,344,0,0
1709303190512,288,GET Contact List,200,OK,Worload Config 1-135,text,true,,1063,360,6,6,https://thinking-tester-contact-list.herokuapp.com/contacts,287,0,0
1709303190800,359,GET Contact List,200,OK,Worload Config 1-136,text,true,,1063,360,6,6,https://thinking-tester-contact-list.herokuapp.com/contacts,359,0,0
1709303189928,1240,POST Login,200,OK,Worload Config 1-138,text,true,,1266,456,5,5,https://thinking-tester-contact-list.herokuapp.com/users/login,1240,0,791
1709303190776,402,PATCH User,200,OK,Worload Config 1-137,text,true,,865,507,5,5,https://thinking-tester-contact-list.herokuapp.com/users/me,402,0,0
1709303190259,1171,POST Login,200,OK,Worload Config 1-139,text,true,,1266,456,6,6,https://thinking-tester-contact-list.herokuapp.com/users/login,1171,0,779
1709303191178,271,GET Contact List,200,OK,Worload Config 1-137,text,true,,1063,360,6,6,https://thinking-tester-contact-list.herokuapp.com/contacts,271,0,0
1709303191168,334,PATCH User,200,OK,Worload Config 1-138,text,true,,865,507,5,5,https://thinking-tester-contact-list.herokuapp.com/users/me,334,0,0
1709303190592,1089,POST Login,200,OK,Worload Config 1-140,text,true,,1266,456,6,6,https://thinking-tester-contact-list.herokuapp.com/users/login,1089,0,759
1709303191431,338,PATCH User,200,OK,Worload Config 1-139,text,true,,865,507,6,6,https://thinking-tester-contact-list.herokuapp.com/users/me,338,0,0
1709303191502,297,GET Contact List,200,OK,Worload Config 1-138,text,true,,1063,360,6,6,https://thinking-tester-contact-list.herokuapp.com/contacts,297,0,0
1709303191681,318,PATCH User,200,OK,Worload Config 1-140,text,true,,865,507,6,6,https://thinking-tester-contact-list.herokuapp.com/users/me,318,0,0
1709303191772,267,GET Contact List,200,OK,Worload Config 1-139,text,true,,1063,360,6,6,https://thinking-tester-contact-list.herokuapp.com/contacts,267,0,0
1709303190938,1147,POST Login,200,OK,Worload Config 1-141,text,true,,1266,456,5,5,https://thinking-tester-contact-list.herokuapp.com/users/login,1147,0,786
1709303192000,266,GET Contact List,200,OK,Worload Config 1-140,text,true,,1063,360,6,6,https://thinking-tester-contact-list.herokuapp.com/contacts,265,0,0
1709303191257,1156,POST Login,200,OK,Worload Config 1-142,text,true,,1266,456,5,5,https://thinking-tester-contact-list.herokuapp.com/users/login,1156,0,767
1709303192086,375,PATCH User,200,OK,Worload Config 1-141,text,true,,865,507,5,5,https://thinking-tester-contact-list.herokuapp.com/users/me,375,0,0
1709303192461,269,GET Contact List,200,OK,Worload Config 1-141,text,true,,1063,360,6,6,https://thinking-tester-contact-list.herokuapp.com/contacts,269,0,0
1709303191593,1134,POST Login,200,OK,Worload Config 1-143,text,true,,1266,456,6,6,https://thinking-tester-contact-list.herokuapp.com/users/login,1134,0,768
1709303192413,380,PATCH User,200,OK,Worload Config 1-142,text,true,,865,507,5,5,https://thinking-tester-contact-list.herokuapp.com/users/me,380,0,0
1709303191925,1116,POST Login,200,OK,Worload Config 1-144,text,true,,1266,456,6,6,https://thinking-tester-contact-list.herokuapp.com/users/login,1116,0,773
1709303192794,270,GET Contact List,200,OK,Worload Config 1-142,text,true,,1063,360,6,6,https://thinking-tester-contact-list.herokuapp.com/contacts,270,0,0
1709303192776,348,PATCH User,200,OK,Worload Config 1-143,text,true,,865,507,5,5,https://thinking-tester-contact-list.herokuapp.com/users/me,348,0,0
1709303193043,341,PATCH User,200,OK,Worload Config 1-144,text,true,,869,507,6,6,https://thinking-tester-contact-list.herokuapp.com/users/me,341,0,0
1709303193126,269,GET Contact List,200,OK,Worload Config 1-143,text,true,,1067,360,6,6,https://thinking-tester-contact-list.herokuapp.com/contacts,269,0,0
1709303192256,1185,POST Login,200,OK,Worload Config 1-145,text,true,,1270,456,5,5,https://thinking-tester-contact-list.herokuapp.com/users/login,1185,0,785
1709303193384,272,GET Contact List,200,OK,Worload Config 1-144,text,true,,1067,360,6,6,https://thinking-tester-contact-list.herokuapp.com/contacts,272,0,0
1709303193443,351,PATCH User,200,OK,Worload Config 1-145,text,true,,869,507,5,5,https://thinking-tester-contact-list.herokuapp.com/users/me,351,0,0
1709303192591,1156,POST Login,200,OK,Worload Config 1-146,text,true,,1270,456,5,5,https://thinking-tester-contact-list.herokuapp.com/users/login,1156,0,799
1709303192925,1139,POST Login,200,OK,Worload Config 1-147,text,true,,1270,456,6,6,https://thinking-tester-contact-list.herokuapp.com/users/login,1139,0,804
1709303193797,284,GET Contact List,200,OK,Worload Config 1-145,text,true,,1067,360,6,6,https://thinking-tester-contact-list.herokuapp.com/contacts,284,0,0
1709303193797,320,PATCH User,200,OK,Worload Config 1-146,text,true,,869,507,5,5,https://thinking-tester-contact-list.herokuapp.com/users/me,320,0,0
1709303193257,1101,POST Login,200,OK,Worload Config 1-148,text,true,,1270,456,6,6,https://thinking-tester-contact-list.herokuapp.com/users/login,1101,0,748
1709303194065,332,PATCH User,200,OK,Worload Config 1-147,text,true,,861,507,6,6,https://thinking-tester-contact-list.herokuapp.com/users/me,332,0,0
1709303194117,282,GET Contact List,200,OK,Worload Config 1-146,text,true,,1059,360,6,6,https://thinking-tester-contact-list.herokuapp.com/contacts,282,0,0
1709303194358,321,PATCH User,200,OK,Worload Config 1-148,text,true,,861,507,6,6,https://thinking-tester-contact-list.herokuapp.com/users/me,321,0,0
1709303194397,316,GET Contact List,200,OK,Worload Config 1-147,text,true,,1059,360,6,6,https://thinking-tester-contact-list.herokuapp.com/contacts,316,0,0
1709303193590,1128,POST Login,200,OK,Worload Config 1-149,text,true,,1262,456,5,5,https://thinking-tester-contact-list.herokuapp.com/users/login,1128,0,777
1709303194679,268,GET Contact List,200,OK,Worload Config 1-148,text,true,,1059,360,6,6,https://thinking-tester-contact-list.herokuapp.com/contacts,268,0,0
1709303193924,1122,POST Login,200,OK,Worload Config 1-150,text,true,,1262,456,5,5,https://thinking-tester-contact-list.herokuapp.com/users/login,1121,0,780
1709303194781,332,PATCH User,200,OK,Worload Config 1-149,text,true,,861,507,5,5,https://thinking-tester-contact-list.herokuapp.com/users/me,332,0,0
1709303195046,326,PATCH User,200,OK,Worload Config 1-150,text,true,,861,507,6,6,https://thinking-tester-contact-list.herokuapp.com/users/me,326,0,0
1709303195113,274,GET Contact List,200,OK,Worload Config 1-149,text,true,,1059,360,6,6,https://thinking-tester-contact-list.herokuapp.com/contacts,274,0,0
1709303194255,1133,POST Login,200,OK,Worload Config 1-151,text,true,,1262,456,6,6,https://thinking-tester-contact-list.herokuapp.com/users/login,1133,0,774
1709303194590,1107,POST Login,200,OK,Worload Config 1-152,text,true,,1262,456,6,6,https://thinking-tester-contact-list.herokuapp.com/users/login,1107,0,769
1709303195372,329,GET Contact List,200,OK,Worload Config 1-150,text,true,,1059,360,6,6,https://thinking-tester-contact-list.herokuapp.com/contacts,329,0,0
1709303195389,331,PATCH User,200,OK,Worload Config 1-151,text,true,,861,507,5,5,https://thinking-tester-contact-list.herokuapp.com/users/me,331,0,0
1709303195698,322,PATCH User,200,OK,Worload Config 1-152,text,true,,861,507,6,6,https://thinking-tester-contact-list.herokuapp.com/users/me,322,0,0
1709303194923,1113,POST Login,200,OK,Worload Config 1-153,text,true,,1262,456,6,6,https://thinking-tester-contact-list.herokuapp.com/users/login,1113,0,780
1709303195787,272,GET Contact List,200,OK,Worload Config 1-151,text,true,,1059,360,6,6,https://thinking-tester-contact-list.herokuapp.com/contacts,272,0,0
1709303196021,291,GET Contact List,200,OK,Worload Config 1-152,text,true,,1059,360,6,6,https://thinking-tester-contact-list.herokuapp.com/contacts,290,0,0
1709303195255,1136,POST Login,200,OK,Worload Config 1-154,text,true,,1262,456,5,5,https://thinking-tester-contact-list.herokuapp.com/users/login,1136,0,765
1709303196036,380,PATCH User,200,OK,Worload Config 1-153,text,true,,869,507,5,5,https://thinking-tester-contact-list.herokuapp.com/users/me,380,0,0
1709303196417,281,GET Contact List,200,OK,Worload Config 1-153,text,true,,1067,360,6,6,https://thinking-tester-contact-list.herokuapp.com/contacts,281,0,0
1709303196391,375,PATCH User,200,OK,Worload Config 1-154,text,true,,869,507,5,5,https://thinking-tester-contact-list.herokuapp.com/users/me,375,0,0
1709303195590,1139,POST Login,200,OK,Worload Config 1-155,text,true,,1270,456,5,5,https://thinking-tester-contact-list.herokuapp.com/users/login,1139,0,776
1709303195922,1143,POST Login,200,OK,Worload Config 1-156,text,true,,1270,456,6,6,https://thinking-tester-contact-list.herokuapp.com/users/login,1143,0,786
1709303196789,276,GET Contact List,200,OK,Worload Config 1-154,text,true,,1067,360,6,6,https://thinking-tester-contact-list.herokuapp.com/contacts,276,0,0
1709303196789,332,PATCH User,200,OK,Worload Config 1-155,text,true,,869,507,5,5,https://thinking-tester-contact-list.herokuapp.com/users/me,332,0,0
1709303196254,1115,POST Login,200,OK,Worload Config 1-157,text,true,,1278,456,6,6,https://thinking-tester-contact-list.herokuapp.com/users/login,1115,0,768
1709303197121,275,GET Contact List,200,OK,Worload Config 1-155,text,true,,1075,360,6,6,https://thinking-tester-contact-list.herokuapp.com/contacts,274,0,0
1709303197065,350,PATCH User,200,OK,Worload Config 1-156,text,true,,877,507,5,5,https://thinking-tester-contact-list.herokuapp.com/users/me,350,0,0
1709303196587,1103,POST Login,200,OK,Worload Config 1-158,text,true,,1278,456,6,6,https://thinking-tester-contact-list.herokuapp.com/users/login,1103,0,764
1709303197415,282,GET Contact List,200,OK,Worload Config 1-156,text,true,,1075,360,6,6,https://thinking-tester-contact-list.herokuapp.com/contacts,282,0,0
1709303197369,353,PATCH User,200,OK,Worload Config 1-157,text,true,,877,507,5,5,https://thinking-tester-contact-list.herokuapp.com/users/me,353,0,0
1709303196920,1117,POST Login,200,OK,Worload Config 1-159,text,true,,1278,456,6,6,https://thinking-tester-contact-list.herokuapp.com/users/login,1117,0,778
1709303197690,358,PATCH User,200,OK,Worload Config 1-158,text,true,,877,507,6,6,https://thinking-tester-contact-list.herokuapp.com/users/me,358,0,0
1709303197793,275,GET Contact List,200,OK,Worload Config 1-157,text,true,,1075,360,6,6,https://thinking-tester-contact-list.herokuapp.com/contacts,275,0,0
1709303198048,297,GET Contact List,200,OK,Worload Config 1-158,text,true,,1059,360,6,6,https://thinking-tester-contact-list.herokuapp.com/contacts,297,0,0
1709303197253,1097,POST Login,200,OK,Worload Config 1-160,text,true,,1278,456,5,5,https://thinking-tester-contact-list.herokuapp.com/users/login,1097,0,753
1709303198037,328,PATCH User,200,OK,Worload Config 1-159,text,true,,861,507,5,5,https://thinking-tester-contact-list.herokuapp.com/users/me,328,0,0
1709303198366,270,GET Contact List,200,OK,Worload Config 1-159,text,true,,1059,360,6,6,https://thinking-tester-contact-list.herokuapp.com/contacts,270,0,0
1709303198349,337,PATCH User,200,OK,Worload Config 1-160,text,true,,861,507,5,5,https://thinking-tester-contact-list.herokuapp.com/users/me,337,0,0
1709303197588,1141,POST Login,200,OK,Worload Config 1-161,text,true,,1262,456,5,5,https://thinking-tester-contact-list.herokuapp.com/users/login,1141,0,795
1709303198686,290,GET Contact List,200,OK,Worload Config 1-160,text,true,,1059,360,6,6,https://thinking-tester-contact-list.herokuapp.com/contacts,290,0,0
1709303197919,1167,POST Login,200,OK,Worload Config 1-162,text,true,,1262,456,5,5,https://thinking-tester-contact-list.herokuapp.com/users/login,1167,0,789
1709303198796,376,PATCH User,200,OK,Worload Config 1-161,text,true,,861,507,5,5,https://thinking-tester-contact-list.herokuapp.com/users/me,376,0,0
1709303198250,1142,POST Login,200,OK,Worload Config 1-163,text,true,,1262,456,6,6,https://thinking-tester-contact-list.herokuapp.com/users/login,1142,0,762
1709303199087,368,PATCH User,200,OK,Worload Config 1-162,text,true,,869,507,6,6,https://thinking-tester-contact-list.herokuapp.com/users/me,368,0,0
1709303199173,282,GET Contact List,200,OK,Worload Config 1-161,text,true,,1067,360,6,6,https://thinking-tester-contact-list.herokuapp.com/contacts,282,0,0
1709303198585,1138,POST Login,200,OK,Worload Config 1-164,text,true,,1270,456,6,6,https://thinking-tester-contact-list.herokuapp.com/users/login,1138,0,774
1709303199392,351,PATCH User,200,OK,Worload Config 1-163,text,true,,869,507,6,6,https://thinking-tester-contact-list.herokuapp.com/users/me,351,0,0
1709303199456,285,GET Contact List,200,OK,Worload Config 1-162,text,true,,1067,360,6,6,https://thinking-tester-contact-list.herokuapp.com/contacts,285,0,0
1709303199723,326,PATCH User,200,OK,Worload Config 1-164,text,true,,869,507,6,6,https://thinking-tester-contact-list.herokuapp.com/users/me,326,0,0
1709303199800,295,GET Contact List,200,OK,Worload Config 1-163,text,true,,1067,360,6,6,https://thinking-tester-contact-list.herokuapp.com/contacts,295,0,0
1709303198918,1182,POST Login,200,OK,Worload Config 1-165,text,true,,1270,456,5,5,https://thinking-tester-contact-list.herokuapp.com/users/login,1182,0,815
1709303199249,1109,POST Login,200,OK,Worload Config 1-166,text,true,,1270,456,6,6,https://thinking-tester-contact-list.herokuapp.com/users/login,1109,0,766
1709303200050,308,GET Contact List,200,OK,Worload Config 1-164,text,true,,1067,360,6,6,https://thinking-tester-contact-list.herokuapp.com/contacts,308,0,0
1709303200100,354,PATCH User,200,OK,Worload Config 1-165,text,true,,869,507,5,5,https://thinking-tester-contact-list.herokuapp.com/users/me,354,0,0
1709303200358,425,PATCH User,200,OK,Worload Config 1-166,text,true,,869,507,6,6,https://thinking-tester-contact-list.herokuapp.com/users/me,425,0,0
1709303199585,1156,POST Login,200,OK,Worload Config 1-167,text,true,,1270,456,6,6,https://thinking-tester-contact-list.herokuapp.com/users/login,1156,0,758
1709303200454,369,GET Contact List,200,OK,Worload Config 1-165,text,true,,1067,360,6,6,https://thinking-tester-contact-list.herokuapp.com/contacts,369,0,0
1709303199917,1183,POST Login,200,OK,Worload Config 1-168,text,true,,1270,456,6,6,https://thinking-tester-contact-list.herokuapp.com/users/login,1183,0,774
1709303200818,319,GET Contact List,200,OK,Worload Config 1-166,text,true,,1067,360,6,6,https://thinking-tester-contact-list.herokuapp.com/contacts,319,0,0
1709303200818,360,PATCH User,200,OK,Worload Config 1-167,text,true,,869,507,5,5,https://thinking-tester-contact-list.herokuapp.com/users/me,360,0,0
1709303200248,1170,POST Login,200,OK,Worload Config 1-169,text,true,,1262,456,6,6,https://thinking-tester-contact-list.herokuapp.com/users/login,1170,0,783
1709303201179,265,GET Contact List,200,OK,Worload Config 1-167,text,true,,1059,360,6,6,https://thinking-tester-contact-list.herokuapp.com/contacts,265,0,0
1709303201101,363,PATCH User,200,OK,Worload Config 1-168,text,true,,861,507,5,5,https://thinking-tester-contact-list.herokuapp.com/users/me,363,0,0
1709303200585,1130,POST Login,200,OK,Worload Config 1-170,text,true,,1262,456,6,6,https://thinking-tester-contact-list.herokuapp.com/users/login,1130,0,766
1709303201419,327,PATCH User,200,OK,Worload Config 1-169,text,true,,861,507,6,6,https://thinking-tester-contact-list.herokuapp.com/users/me,327,0,0
1709303201464,292,GET Contact List,200,OK,Worload Config 1-168,text,true,,1059,360,6,6,https://thinking-tester-contact-list.herokuapp.com/contacts,292,0,0
1709303201716,332,PATCH User,200,OK,Worload Config 1-170,text,true,,861,507,6,6,https://thinking-tester-contact-list.herokuapp.com/users/me,332,0,0
1709303201746,308,GET Contact List,200,OK,Worload Config 1-169,text,true,,1059,360,6,6,https://thinking-tester-contact-list.herokuapp.com/contacts,308,0,0
1709303200914,1151,POST Login,200,OK,Worload Config 1-171,text,true,,1262,456,5,5,https://thinking-tester-contact-list.herokuapp.com/users/login,1151,0,783
1709303202049,269,GET Contact List,200,OK,Worload Config 1-170,text,true,,1063,360,6,6,https://thinking-tester-contact-list.herokuapp.com/contacts,269,0,0
1709303201247,1132,POST Login,200,OK,Worload Config 1-172,text,true,,1266,456,5,5,https://thinking-tester-contact-list.herokuapp.com/users/login,1132,0,780
1709303202066,328,PATCH User,200,OK,Worload Config 1-171,text,true,,865,507,5,5,https://thinking-tester-contact-list.herokuapp.com/users/me,328,0,0
1709303202394,266,GET Contact List,200,OK,Worload Config 1-171,text,true,,1063,360,6,6,https://thinking-tester-contact-list.herokuapp.com/contacts,266,0,0
1709303201581,1206,POST Login,200,OK,Worload Config 1-173,text,true,,1266,456,5,5,https://thinking-tester-contact-list.herokuapp.com/users/login,1206,0,794
1709303202379,392,PATCH User,200,OK,Worload Config 1-172,text,true,,865,507,5,5,https://thinking-tester-contact-list.herokuapp.com/users/me,392,0,0
1709303201915,1160,POST Login,200,OK,Worload Config 1-174,text,true,,1266,456,6,6,https://thinking-tester-contact-list.herokuapp.com/users/login,1160,0,792
1709303202834,336,GET Contact List,200,OK,Worload Config 1-172,text,true,,1063,360,6,6,https://thinking-tester-contact-list.herokuapp.com/contacts,336,0,0
1709303202834,404,PATCH User,200,OK,Worload Config 1-173,text,true,,865,507,5,5,https://thinking-tester-contact-list.herokuapp.com/users/me,404,0,0
1709303202249,1126,POST Login,200,OK,Worload Config 1-175,text,true,,1262,456,6,6,https://thinking-tester-contact-list.herokuapp.com/users/login,1126,0,774
1709303203075,349,PATCH User,200,OK,Worload Config 1-174,text,true,,861,507,6,6,https://thinking-tester-contact-list.herokuapp.com/users/me,349,0,0
1709303203238,288,GET Contact List,200,OK,Worload Config 1-173,text,true,,1059,360,6,6,https://thinking-tester-contact-list.herokuapp.com/contacts,288,0,0
1709303203375,352,PATCH User,200,OK,Worload Config 1-175,text,true,,861,507,6,6,https://thinking-tester-contact-list.herokuapp.com/users/me,352,0,0
1709303202580,1212,POST Login,200,OK,Worload Config 1-176,text,true,,1262,456,6,6,https://thinking-tester-contact-list.herokuapp.com/users/login,1212,0,838
1709303203424,368,GET Contact List,200,OK,Worload Config 1-174,text,true,,1059,360,6,6,https://thinking-tester-contact-list.herokuapp.com/contacts,368,0,0
1709303203728,293,GET Contact List,200,OK,Worload Config 1-175,text,true,,1059,360,6,6,https://thinking-tester-contact-list.herokuapp.com/contacts,293,0,0
1709303202912,1115,POST Login,200,OK,Worload Config 1-177,text,true,,1262,456,5,5,https://thinking-tester-contact-list.herokuapp.com/users/login,1115,0,768
1709303203837,402,PATCH User,200,OK,Worload Config 1-176,text,true,,861,507,5,5,https://thinking-tester-contact-list.herokuapp.com/users/me,402,0,0
1709303203246,1140,POST Login,200,OK,Worload Config 1-178,text,true,,1262,456,5,5,https://thinking-tester-contact-list.herokuapp.com/users/login,1140,0,768
1709303204027,395,PATCH User,200,OK,Worload Config 1-177,text,true,,865,507,5,5,https://thinking-tester-contact-list.herokuapp.com/users/me,395,0,0
1709303204239,288,GET Contact List,200,OK,Worload Config 1-176,text,true,,1063,360,5,5,https://thinking-tester-contact-list.herokuapp.com/contacts,288,0,0
1709303203580,1153,POST Login,200,OK,Worload Config 1-179,text,true,,1266,456,4,4,https://thinking-tester-contact-list.herokuapp.com/users/login,1153,0,775
1709303204422,335,GET Contact List,200,OK,Worload Config 1-177,text,true,,1063,360,4,4,https://thinking-tester-contact-list.herokuapp.com/contacts,335,0,0
1709303204386,387,PATCH User,200,OK,Worload Config 1-178,text,true,,865,507,3,3,https://thinking-tester-contact-list.herokuapp.com/users/me,387,0,0
1709303203912,1204,POST Login,200,OK,Worload Config 1-180,text,true,,1266,456,3,3,https://thinking-tester-contact-list.herokuapp.com/users/login,1204,0,821
1709303204840,326,GET Contact List,200,OK,Worload Config 1-178,text,true,,1063,360,3,3,https://thinking-tester-contact-list.herokuapp.com/contacts,326,0,0
1709303204734,516,PATCH User,200,OK,Worload Config 1-179,text,false,"The operation lasted too long: It took 516 milliseconds, but should not have lasted longer than 500 milliseconds.",865,507,2,2,https://thinking-tester-contact-list.herokuapp.com/users/me,516,0,0
1709303205117,433,PATCH User,200,OK,Worload Config 1-180,text,true,,865,507,2,2,https://thinking-tester-contact-list.herokuapp.com/users/me,433,0,0
1709303205251,301,GET Contact List,200,OK,Worload Config 1-179,text,true,,1063,360,2,2,https://thinking-tester-contact-list.herokuapp.com/contacts,300,0,0
1709303205551,273,GET Contact List,200,OK,Worload Config 1-180,text,true,,1063,360,1,1,https://thinking-tester-contact-list.herokuapp.com/contacts,273,0,0
